id;name;size;s_3_name;content_type
1;Savings Account;48361;Sri Lanka;Computer Soap
2;European Unit of Account 17(E.U.A.-17);48576;Squares Concrete Legacy;Generic Metal Shirt Personal Loan Account primary
3;Pre-emptive implement reinvent;88256;invoice;Designer
4;Tuvalu Quality Yuan Renminbi;30495;Practical Soft Keyboard withdrawal bandwidth;Loaf deposit
5;withdrawal;21986;tertiary Prairie even-keeled;synthesizing customized
6;GB;77901;systems;benchmark grey Rubber
7;Investment Account;86114;Liaison Cove;Mississippi Games
8;South Dakota methodology;47996;Borders Auto Loan Account;Reduced Berkshire New Hampshire
9;copy Internal emulation;96663;Lebanese Pound;Investor cross-media input
10;Mali Vision-oriented;44059;Avon;overriding
